{"cameraMode":{"drawMode":0,"name":"Shaded","section":"Shading Mode"},"sceneLighting":true,"audioPlay":false,"sceneViewState":{"showFog":true,"showMaterialUpdate":false,"showSkybox":true,"showFlares":true,"showImageEffects":true,"showParticleSystems":true},"in2DMode":false,"pivot":{"x":16.1497745513916,"y":-8.622039794921875,"z":21.48280143737793},"rotation":{"x":-0.24241678416728974,"y":-0.2523247003555298,"z":0.06545350700616837,"w":-0.9345117211341858},"size":38.22502899169922,"orthographic":false}