{"cameraMode":{"drawMode":0,"name":"Shaded","section":"Shading Mode"},"sceneLighting":true,"audioPlay":false,"sceneViewState":{"showFog":true,"showMaterialUpdate":false,"showSkybox":true,"showFlares":true,"showImageEffects":true,"showParticleSystems":true},"in2DMode":false,"pivot":{"x":1.1409485340118409,"y":4.723231315612793,"z":3.8052101135253908},"rotation":{"x":-0.3083295524120331,"y":0.20529970526695252,"z":-0.06833256781101227,"w":-0.9263505339622498},"size":1.9221131801605225,"orthographic":false}