{"cameraMode":{"drawMode":0,"name":"Shaded","section":"Shading Mode"},"sceneLighting":false,"audioPlay":false,"sceneViewState":{"showFog":true,"showMaterialUpdate":false,"showSkybox":true,"showFlares":true,"showImageEffects":true,"showParticleSystems":true},"in2DMode":false,"pivot":{"x":-0.04520225524902344,"y":2.6475911140441896,"z":18.26000213623047},"rotation":{"x":0.2905367612838745,"y":0.1357632726430893,"z":-0.041683945804834369,"w":0.9462661743164063},"size":12.141864776611329,"orthographic":false}