{"cameraMode":{"drawMode":0,"name":"Shaded","section":"Shading Mode"},"sceneLighting":true,"audioPlay":false,"sceneViewState":{"showFog":true,"showMaterialUpdate":false,"showSkybox":true,"showFlares":true,"showImageEffects":true,"showParticleSystems":true},"in2DMode":false,"pivot":{"x":59.83433151245117,"y":-45.72254943847656,"z":-13.598013877868653},"rotation":{"x":0.21777017414569856,"y":0.4850819408893585,"z":-0.126137375831604,"w":0.8374756574630737},"size":160.5192413330078,"orthographic":false}