{"cameraMode":{"drawMode":0,"name":"Shaded","section":"Shading Mode"},"sceneLighting":true,"audioPlay":false,"sceneViewState":{"showFog":true,"showMaterialUpdate":false,"showSkybox":true,"showFlares":true,"showImageEffects":true,"showParticleSystems":true},"in2DMode":false,"pivot":{"x":6.956276893615723,"y":5.867720127105713,"z":1.0262832641601563},"rotation":{"x":-0.1586209088563919,"y":-0.014220328070223332,"z":0.002285013673827052,"w":-0.9872406125068665},"size":12.830094337463379,"orthographic":false}