{"cameraMode":{"drawMode":0,"name":"Shaded","section":"Shading Mode"},"sceneLighting":false,"audioPlay":false,"sceneViewState":{"showFog":true,"showMaterialUpdate":false,"showSkybox":true,"showFlares":true,"showImageEffects":true,"showParticleSystems":true},"in2DMode":false,"pivot":{"x":-13.061433792114258,"y":-9.116683006286621,"z":-50.10293197631836},"rotation":{"x":0.02138463594019413,"y":-0.9773423075675964,"z":0.1721067577600479,"w":0.12142559140920639},"size":88.38374328613281,"orthographic":false}