{"cameraMode":{"drawMode":0,"name":"Shaded","section":"Shading Mode"},"sceneLighting":false,"audioPlay":false,"sceneViewState":{"showFog":true,"showMaterialUpdate":false,"showSkybox":true,"showFlares":true,"showImageEffects":true,"showParticleSystems":true},"in2DMode":false,"pivot":{"x":-64.42626953125,"y":5.536083221435547,"z":-127.57826232910156},"rotation":{"x":0.1397121548652649,"y":-0.5870516896247864,"z":0.1037297174334526,"w":0.7906386852264404},"size":58.65142822265625,"orthographic":false}