{"cameraMode":{"drawMode":0,"name":"Shaded","section":"Shading Mode"},"sceneLighting":true,"audioPlay":false,"sceneViewState":{"showFog":true,"showMaterialUpdate":false,"showSkybox":true,"showFlares":true,"showImageEffects":true,"showParticleSystems":true},"in2DMode":false,"pivot":{"x":36.082706451416019,"y":-7.962088584899902,"z":31.818920135498048},"rotation":{"x":-0.10751254111528397,"y":-0.7532776594161987,"z":0.12729166448116303,"w":-0.6362676620483398},"size":37.880577087402347,"orthographic":false}