{"cameraMode":{"drawMode":0,"name":"Shaded","section":"Shading Mode"},"sceneLighting":false,"audioPlay":false,"sceneViewState":{"showFog":true,"showMaterialUpdate":false,"showSkybox":true,"showFlares":true,"showImageEffects":true,"showParticleSystems":true},"in2DMode":false,"pivot":{"x":15.16003704071045,"y":12.209549903869629,"z":18.596410751342775},"rotation":{"x":-0.1065588966012001,"y":0.29708507657051089,"z":-0.03338495269417763,"w":-0.9483097791671753},"size":13.269369125366211,"orthographic":false}