{"cameraMode":{"drawMode":0,"name":"Shaded","section":"Shading Mode"},"sceneLighting":false,"audioPlay":false,"sceneViewState":{"showFog":true,"showMaterialUpdate":false,"showSkybox":true,"showFlares":true,"showImageEffects":true,"showParticleSystems":true},"in2DMode":false,"pivot":{"x":18.236072540283204,"y":-7.436212539672852,"z":-33.7734375},"rotation":{"x":0.09203286468982697,"y":0.906381368637085,"z":-0.26200610399246218,"w":0.3183736205101013},"size":22.008686065673829,"orthographic":false}