{"cameraMode":{"drawMode":0,"name":"Shaded","section":"Shading Mode"},"sceneLighting":false,"audioPlay":false,"sceneViewState":{"showFog":true,"showMaterialUpdate":false,"showSkybox":true,"showFlares":true,"showImageEffects":true,"showParticleSystems":true},"in2DMode":false,"pivot":{"x":29.28775405883789,"y":-2.236048460006714,"z":-176.88836669921876},"rotation":{"x":0.14395377039909364,"y":-0.8453052639961243,"z":0.2833169400691986,"w":0.42950519919395449},"size":23.429697036743165,"orthographic":false}