{"cameraMode":{"drawMode":0,"name":"Shaded","section":"Shading Mode"},"sceneLighting":false,"audioPlay":false,"sceneViewState":{"showFog":true,"showMaterialUpdate":false,"showSkybox":true,"showFlares":true,"showImageEffects":true,"showParticleSystems":true},"in2DMode":false,"pivot":{"x":44.45638656616211,"y":18.72098731994629,"z":-181.5533447265625},"rotation":{"x":0.15102237462997437,"y":0.2163931429386139,"z":-0.03388630598783493,"w":0.9639829397201538},"size":12.932344436645508,"orthographic":false}