{"cameraMode":{"drawMode":0,"name":"Shaded","section":"Shading Mode"},"sceneLighting":false,"audioPlay":false,"sceneViewState":{"showFog":true,"showMaterialUpdate":false,"showSkybox":true,"showFlares":true,"showImageEffects":true,"showParticleSystems":true},"in2DMode":false,"pivot":{"x":38.03087615966797,"y":-10.445513725280762,"z":-73.36922454833985},"rotation":{"x":0.16115911304950715,"y":0.7628419995307922,"z":-0.208167165517807,"w":0.5905745029449463},"size":38.244110107421878,"orthographic":false}