{"cameraMode":{"drawMode":0,"name":"Shaded","section":"Shading Mode"},"sceneLighting":false,"audioPlay":false,"sceneViewState":{"showFog":true,"showMaterialUpdate":false,"showSkybox":true,"showFlares":true,"showImageEffects":true,"showParticleSystems":true},"in2DMode":false,"pivot":{"x":0.0,"y":1.5702646970748902,"z":0.8861160278320313},"rotation":{"x":-0.0323348194360733,"y":0.9211286306381226,"z":-0.07839001715183258,"w":-0.37993258237838747},"size":12.040949821472168,"orthographic":false}