{"cameraMode":{"drawMode":0,"name":"Shaded","section":"Shading Mode"},"sceneLighting":true,"audioPlay":false,"sceneViewState":{"showFog":true,"showMaterialUpdate":false,"showSkybox":true,"showFlares":true,"showImageEffects":true,"showParticleSystems":true},"in2DMode":false,"pivot":{"x":12.103326797485352,"y":24.239526748657228,"z":-51.10626220703125},"rotation":{"x":0.051567159593105319,"y":-0.6129888296127319,"z":0.04014577716588974,"w":0.7873852252960205},"size":20.118427276611329,"orthographic":false}