{"cameraMode":{"drawMode":0,"name":"Shaded","section":"Shading Mode"},"sceneLighting":true,"audioPlay":false,"sceneViewState":{"showFog":true,"showMaterialUpdate":false,"showSkybox":true,"showFlares":true,"showImageEffects":true,"showParticleSystems":true},"in2DMode":false,"pivot":{"x":0.7262901067733765,"y":1.9217634201049805,"z":7.758697509765625},"rotation":{"x":0.36751827597618105,"y":-0.17287081480026246,"z":0.06972964853048325,"w":0.9111456274986267},"size":30.672574996948243,"orthographic":false}