{"cameraMode":{"drawMode":0,"name":"Shaded","section":"Shading Mode"},"sceneLighting":true,"audioPlay":false,"sceneViewState":{"showFog":true,"showMaterialUpdate":false,"showSkybox":true,"showFlares":true,"showImageEffects":true,"showParticleSystems":true},"in2DMode":false,"pivot":{"x":9.784558296203614,"y":2.046114683151245,"z":2.611419677734375},"rotation":{"x":-0.0026964114513248207,"y":-0.8489432334899902,"z":-0.004331015050411224,"w":0.5284633040428162},"size":9.897805213928223,"orthographic":false}