{"cameraMode":{"drawMode":0,"name":"Shaded","section":"Shading Mode"},"sceneLighting":true,"audioPlay":false,"sceneViewState":{"showFog":true,"showMaterialUpdate":false,"showSkybox":true,"showFlares":true,"showImageEffects":true,"showParticleSystems":true},"in2DMode":false,"pivot":{"x":-17.15565299987793,"y":30.817554473876954,"z":-21.304155349731447},"rotation":{"x":0.3461446166038513,"y":-0.3662453293800354,"z":0.14900720119476319,"w":0.8507905006408691},"size":22.0,"orthographic":false}