{"cameraMode":{"drawMode":0,"name":"Shaded","section":"Shading Mode"},"sceneLighting":true,"audioPlay":false,"sceneViewState":{"showFog":true,"showMaterialUpdate":false,"showSkybox":true,"showFlares":true,"showImageEffects":true,"showParticleSystems":true},"in2DMode":false,"pivot":{"x":-484.41436767578127,"y":-98.09492492675781,"z":-440.0576477050781},"rotation":{"x":-0.04413757473230362,"y":0.8891212940216065,"z":-0.08776862174272537,"w":-0.44705334305763247},"size":615.7449951171875,"orthographic":false}